word,n_affirmative,n_negated,n_total,n_videos,dict_youtube_id
persona,301,0,301,11,cfURra7yNLM
gracias,292,0,292,11,IJMP2N6tnFs
doctor,136,0,136,10,5cdajic14bk
equipo,123,0,123,10,VNLXlMmv0-M
pregunta,119,1,120,10,p_FVNKtSsnk
hablar,96,0,96,10,bbvIstK7hZU
atender,96,1,97,10,NOakpEVopdI
actividad,95,0,95,11,_0eM-XqjaSM
mujer,83,1,84,9,MuJe_MJ3Wfs
derecho,76,1,77,9,pVnMswFAjKo
encontrar,75,3,78,11,OaF4QDvEAE8
familia,72,0,72,9,-MTRDivQYv8
agua,66,1,67,7,TT15eicsCrQ
buscar,61,2,63,10,qnk_52LG4DA
joven,56,0,56,7,ymFkrUaojD0
dejar,55,10,65,11,U0Aaey_SNt8
cosa,54,0,54,10,W6_32dgGVzo
forma,50,0,50,11,laW6nGdSom8
construir,50,4,54,7,tNjrzkuipVs
señor,49,0,49,7,6e26qmAYWiY
avanzar,46,1,47,9,tU2C0L957Ws
apoyar,45,1,46,9,hgmHP5-NX6U
decidir,45,1,46,9,JaTGJ-H9RBc
planta,41,0,41,7,Y33HjHksNVg
director,40,0,40,10,cAdDjup1lbk
ayudar,38,0,38,9,th6EcwHbhV0
compañero,37,0,37,8,3brI4ZBY2xo
comunicación,35,0,35,11,QN4-nVK8Hco
adulto,34,0,34,8,RZwcPaSfnA0
esperar,33,4,37,9,M45ducDbkWY
abrir,32,1,33,7,puOQvfB-cIs
acompañar,31,0,31,10,_yLRnAtfJ2A
continuar,31,0,31,9,3YKSSLClOXo
estadio,31,0,31,3,rEX6c-Uj8OQ
cambiar,30,5,35,10,8JHV4ttk-UA
evitar,28,1,29,9,JIZX1EFbjIc
energía,26,0,26,5,cuhXiG25MAY
semáforo,26,0,26,4,ExWqNZ5n3Y0
funcionar,25,2,27,10,gcFv1PBisjk
compartir,24,0,24,7,E0sBtbDBEHk
acabar,23,0,23,10,QWjDlX3jJAg
amigo,23,1,24,6,mtNe-DpwgNk
experiencia,22,0,22,5,WjSNdwdojFA
anunciar,21,0,21,9,jTdnOHddKFw
hombre,21,1,22,7,xoquhDL6JwY
futuro,21,0,21,6,nNZmxU1lprU
mesa,21,0,21,5,zBD7bjLkCLg
aprovechar,20,2,22,9,ADVwKALIhNc
entender,20,3,23,9,hAknjI7oZRc
aumentar,20,4,24,7,UPBybq0Sg5o
confianza,20,0,20,6,Eymmc-E_9pI
jitomate,20,0,20,1,ew59SkybS0Y
asegurar,19,0,19,8,3UJqVgDUkWU
edad,19,1,20,6,8MOAuVS-EvY
escuchar,18,1,19,8,L6c2nQO_Fbc
explicar,18,3,21,8,-hC50F3kYBg
detener,18,0,18,8,r22jCUhkGGQ
ganar,18,2,20,7,afOd0mGnV48
alcanzar,18,2,20,7,yj8AxgQfTA4
extranjero,18,0,18,6,9Jl3rqokvEg
verde,18,0,18,6,59Nt0cz8aOA
gustar,17,10,27,8,uADN0L4QVEk
bajar,17,2,19,6,yrSXGFyPyLk
campo,17,0,17,6,7gcNk72wpfs
fecha,16,0,16,9,HYCneEMDdsY
faltar,16,3,19,8,g96JzdxHRE8
cerrar,15,1,16,7,ybiISNnLHtQ
puerta,15,0,15,6,P51wy8zyg6Y
ventilador,15,0,15,5,ldzmC5Y52SE
corrupción,15,1,16,4,LtF3CLod08M
contento,15,1,16,2,OApb82ll5ZY
control,13,0,13,6,ua9x6poLbm8
hijo,13,0,13,6,WAl-fxjwY7A
teléfono,13,0,13,4,AlxYBw0KqRY
calle,12,0,12,6,31J8mLdGI0A
luz,12,0,12,6,k2yUfsDY1nI
confirmar,12,0,12,5,wGbDhdUNpFc
rojo,12,0,12,4,5UGWShInN3o
aeropuerto,12,0,12,3,tu-d1Z9fipI
carta,12,0,12,2,96-ZAp-f4wE
negro,11,0,11,3,3L8fnCGErGk
enviar,10,1,11,6,XlYW2ojKScQ
firmar,10,0,10,5,i6XVnECujIg
acordar,10,0,10,4,wDR5NgkqZV0
gobernar,10,2,12,4,EjD7vA87aE8
comenzar,10,0,10,4,8SorV0Tc4uU
color,10,0,10,3,nlS_mOGLs-I
electricidad,10,1,11,3,44EmwXCFpWI
dinero,9,1,10,6,jwNhPoSdeiw
física,9,0,9,6,NAWopwetFrk
defender,9,0,9,5,bQNwH_m7XR4
enfrentar,9,0,9,4,KSXNk2oGLbY
maíz,9,0,9,3,JR9h1C8nq7M
naranja,9,0,9,2,YMVV314Fx0A
regla,8,0,8,4,Q1scGl8SeNs
salón,7,0,7,6,mKTRAWvESrU
caer,7,1,8,5,LwEyNYjjiAk
vino,7,0,7,5,jJuXiFuYODE
estudiar,7,1,8,4,wJ-glFrva5o
actual,7,1,8,4,UFbZ3NNXR0M
delito,7,0,7,4,UDQTx3qV_fQ
amarillo,7,0,7,4,9vNKnzSg6dc
declarar,7,0,7,4,VaYz-9wBCRc
arreglar,7,0,7,4,cr2Pemh_pjk
cobrar,7,0,7,3,6P2Hru5khrU
adolescente,7,0,7,3,Aubf4uRklmI
libro,7,0,7,3,MFX1exG-u2A
escribir,7,0,7,3,Y2QE7dJVfx0
cantar,7,0,7,2,N2ozKey_MyU
ambiente,6,0,6,5,8BAk9LVP_Xo
caminar,6,0,6,4,_L7CKiX2PPQ
desaparecer,6,0,6,4,4yMbYDltTWw
fila,6,0,6,4,JfzzEkPmtA8
descubrir,6,0,6,3,vItqhP5QT5s
agente,6,0,6,3,Fgs6vagikDQ
internet,6,0,6,2,TzOc8r45s_g
autorizar,5,0,5,5,efc_pr6PSAg
mapa,5,0,5,4,xpFKBoVQphk
alimentar,5,0,5,4,IVhRamEWrcA
conducta,5,0,5,4,i0Z9797fMdM
elegir,5,0,5,4,ZjVwN8MKxjc
contestar,5,0,5,4,dK8pIix5lf8
viejo,5,0,5,3,J77h4-c8uuY
gastar,5,0,5,3,9YAKHYhMjGM
aparecer,5,0,5,3,O0oY55EeUpU
difundir,5,0,5,3,DNWK03fbaIE
felicitar,5,0,5,3,nNZYodV4EHY
cita,5,0,5,3,GFXSiQGCvOg
feliz,5,0,5,2,OAWiVRS6E0U
certificado,5,0,5,2,Cgxl_cJLHu4
televisión,5,0,5,2,ccB_vHLHusk
demandar,5,0,5,2,PNROV768jOA
ambulancia,5,0,5,2,ouxPyf-EtZo
aceptar,5,1,6,2,t4XmJ6TNX88
examén,5,0,5,2,5sKK3p2e_BA
bailar,5,0,5,1,VHet6B8C7R8
dormir,5,0,5,1,DeBUdwblqWY
brincar,4,0,4,4,BP5Leox-ovg
aire,4,0,4,4,LCQh7UsFTw0
guardar,4,1,5,4,3dAFZH7lhPU
aprobado,4,0,4,4,qOfzpWBZ71I
discutir,4,0,4,4,pBh5xuOO16s
comer,4,0,4,3,plscARmP-to
deber,4,0,4,3,Nga4SvICk1E
descansar,4,0,4,3,TglxBAs3tec
blanco,4,0,4,3,PoHyZDzJyNo
abandonar,4,0,4,3,wB6Hf2DZkVM
aprender,4,0,4,3,1P894pjuoTI
espiritu,4,0,4,2,0IMqBOHmKhU
mamá,4,0,4,2,UZuBczf_yP8
departamento,4,0,4,2,0rSmY2OuCro
despertar,4,0,4,1,k93jpGnRHDQ
limón,4,0,4,1,NI3-DxExgCY
mango,4,0,4,1,xfcJy04lq6w
pastel,4,0,4,1,9Mir6EtT4G8
patio,4,0,4,1,VxKXuwoX1IE
fabrica,3,1,4,3,RXKDX4JX7M8
engañar,3,0,3,3,9HmQ27eUFl8
circulo,3,0,3,3,lWOSy5jhAYQ
embarazada,3,1,4,3,L311JG-qK0o
periódico,3,0,3,3,wS1wQ0BRDoM
imaginar,3,0,3,3,zb3I_WwHtk8
comida,3,0,3,3,WWFgNfddNIk
dialogar,3,0,3,2,CJ5X0dFERg0
separado,3,0,3,2,9gW0-rBUR5U
vaso,3,0,3,2,pbZ3BQKhZnI
comedor,3,0,3,2,ogFe4O5Pypo
coraje,3,0,3,2,1eG8TJZHavw
primo,3,0,3,1,N6WgusQxX-I
papa,3,0,3,1,5BXBUiMY7cc
pared,2,0,2,2,hA2WM6fY_QU
acusar,2,0,2,2,zLQ0okTqMO8
aeronave,2,0,2,2,_ygmv2Uu4cE
conquistar,2,0,2,2,0ETU8gRXn60
ejercer,2,1,3,2,zJC6T3VvU5Q
amistad,2,0,2,2,w2KWJBayU7o
azúcar,2,0,2,2,mPozKCAQA_A
serio,2,0,2,2,0-Kif2F5Ly8
estufa,2,0,2,2,vvwk2YtTqP8
silla,2,0,2,2,dupvirW7_TU
dueño,2,0,2,2,HbeEg8IJ3f0
esconder,2,0,2,2,Onmrm9YNExs
café,2,0,2,2,NKwAI-pWQQE
azul,2,0,2,2,aNZ4inl_-Zk
contagiar,2,0,2,2,PuzgkBv2PDM
auto,2,0,2,2,yW4Xg3BIN8s
computadora,2,0,2,2,Oit9_FBts_A
ahorrar,2,1,3,1,eLCOOJGmU9A
apartar,2,0,2,1,1MIFN79bllc
abstenerse,2,0,2,1,_ueDQy4Wgxk
calificación,2,0,2,1,fjRrdKo4JSk
fuego,2,0,2,1,JmywRg3O86c
recamara,2,0,2,1,q5UO2c6EYbo
coco,2,0,2,1,u4IgT5-MbnM
cerebro,2,0,2,1,ZYviMu5rvso
dañar,2,1,3,1,XgUbVd2oWnk
escoger,2,0,2,1,9s4NzRq9fg8
dudar,2,0,2,1,aoW2LcZWjx4
crimen,2,0,2,1,0r0De9-xYvM
padrino,2,0,2,1,eCSKGuuhxHE
soltero,1,0,1,1,mnDd5quAAHY
correr,1,6,7,1,d4od-ZxjfJc
plato,1,0,1,1,AEveMbrquvM
famoso,1,0,1,1,1wkHGJW6QLw
señorita,1,0,1,1,LtGKrlBaXiA
ángel,1,0,1,1,Yt4wowZpY5k
escalera,1,0,1,1,1F000COwrok
cine,1,0,1,1,KEqsGNo-XFU
amante,1,0,1,1,JfuYVN2CBwI
enseñar,1,0,1,1,vdxblHwqo4Y
avisar,1,1,2,1,V2x5wjBfnmY
acercarse,1,0,1,1,0B7BFWFOqVM
camión,1,0,1,1,PtFB72jiyC0
carne,1,0,1,1,cbA5iEjnsFw
enfermar,1,0,1,1,h9ZvD7g2wQc
caja,1,0,1,1,dKJSvNPnSk0
guiar,1,0,1,1,XVZyBys-jWw
heredar,1,0,1,1,8rzfD-y1RMk
aterrizar,1,0,1,1,LjS25fVBQns
edificio,1,0,1,1,XXbTwJKNHZc
cruz,1,0,1,1,xSHei92Ouw0
arroz,1,0,1,1,ZtI6Oy48gKc
aguinaldo,1,0,1,1,nKt4iLf0TR0
biblioteca,1,0,1,1,2viwEJ55Hlo
enemigo,1,0,1,1,u5FASa_-XPU
nieto,1,0,1,1,L8TOldcwmUA
comprender,1,0,1,1,kDWSyl-_JJ4
capitán,1,0,1,1,XM84ml_YrNM
helado,1,0,1,1,NeBrukHkK3Y
acelerar,1,0,1,1,QNNYI40FaYc
constitución,1,0,1,1,ro7it7dN0Y4
cancelar,1,0,1,1,ky34g2gZmVc
calmar,1,0,1,1,SZ2VeBAsyug
despedir,1,0,1,1,3eTlPz1F5bE
gritar,1,0,1,1,UL4b19QEEHs
arrojar,1,0,1,1,N0FyxIXOY-g
grasa,1,0,1,1,G3Wr6HSPrUo
bombero,1,0,1,1,y6rpZGM9esY
nopal,1,0,1,1,d4BavImk5-g
diploma,1,0,1,1,ebCzFaypZYk
apagar,1,0,1,1,0CxahdxdZL0
agresivo,1,0,1,1,bVGWVdDOb4I
triste,1,0,1,1,D1ZiLDK_o6Q
agotar,1,0,1,1,naXJ5AW-9QQ
pareja,1,0,1,1,jWvuYHpFbHs
techo,1,0,1,1,sgFoMhQEz3c
película,1,0,1,1,rYX5X9ojGz0
esforzar,1,0,1,1,PPJHDvhf-iU
pozole,1,0,1,1,b55App0WKNM
piso,1,0,1,1,NRw6y1QQR-E
abusar,1,0,1,1,7CJCBXCo4cM
equivocar,1,0,1,1,1KnDqeNBYmM
desayunar,1,0,1,1,VQb-Q2g4BQ0
absorber,1,0,1,1,0DY16S_PCDw
bar,1,0,1,1,lITdups5ats
estomago,1,0,1,1,GY-1OhKrkB8
calcular,1,0,1,1,RIwuMBozuIU
enojado,1,0,1,1,1mCFb8qsiCQ
pan,1,0,1,1,25sRsrImibc
educar,1,0,1,1,BHT1h8Vv9Bk
ventana,1,0,1,1,hkCzvJ_dtaU
sexo,1,0,1,1,aOcCeOg5TQo
importar,0,6,6,0,n6xrmkWe0sg
castigar,0,1,1,0,yV7x-RMWAHA
extrañar,0,1,1,0,CopXCI4Va8w
consentir,0,1,1,0,9S7Npa05ntM
